"1",0,0,0.999999852427458,"Glioblastoma Multiforme","Primary Tumor"
"2",0,0.956521739130435,1.80246805107869e-07,"Glioblastoma Multiforme","Primary Tumor"
"3",0.000357653791130186,0.956521739130435,1.47572541500151e-07,"Glioblastoma Multiforme","Primary Tumor"
"4",0.000715307582260372,0.956521739130435,1.47572541500149e-07,"Glioblastoma Multiforme","Primary Tumor"
"5",0.00357653791130186,0.956521739130435,1.47572541500148e-07,"Glioblastoma Multiforme","Primary Tumor"
"6",0.00464949928469242,0.956521739130435,1.47572541500148e-07,"Glioblastoma Multiforme","Primary Tumor"
"7",0.0050071530758226,0.956521739130435,1.47572541500148e-07,"Glioblastoma Multiforme","Primary Tumor"
"8",0.00822603719599428,0.956521739130435,1.47572541500147e-07,"Glioblastoma Multiforme","Primary Tumor"
"9",0.888769670958512,1,1.47572541500147e-07,"Glioblastoma Multiforme","Primary Tumor"
"10",0.889842632331903,1,1.47572541500147e-07,"Glioblastoma Multiforme","Primary Tumor"
"11",0.895207439198855,1,1.47572541500146e-07,"Glioblastoma Multiforme","Primary Tumor"
"12",0.895565092989986,1,1.47572541500146e-07,"Glioblastoma Multiforme","Primary Tumor"
"13",0.898783977110157,1,1.47572541500145e-07,"Glioblastoma Multiforme","Primary Tumor"
"14",0.900572246065808,1,1.47572541500145e-07,"Glioblastoma Multiforme","Primary Tumor"
"15",0.996423462088698,1,1.47572541500144e-07,"Glioblastoma Multiforme","Primary Tumor"
"16",0.996781115879828,1,1.47572541500144e-07,"Glioblastoma Multiforme","Primary Tumor"
"17",0.997138769670958,1,1.47572541500144e-07,"Glioblastoma Multiforme","Primary Tumor"
"18",0.997854077253219,1,1.47572541500144e-07,"Glioblastoma Multiforme","Primary Tumor"
"19",0.998211731044349,1,1.47572541500143e-07,"Glioblastoma Multiforme","Primary Tumor"
"20",0.998569384835479,1,1.47572541500142e-07,"Glioblastoma Multiforme","Primary Tumor"
"21",0.998927038626609,1,1.47572541500142e-07,"Glioblastoma Multiforme","Primary Tumor"
"22",0.99964234620887,1,1.47572541500141e-07,"Glioblastoma Multiforme","Primary Tumor"
"23",1,1,1.47572541500141e-07,"Glioblastoma Multiforme","Primary Tumor"
