"Taxa","varImp"
"Pseudomonas",1733.23871391754
"Bacillus",1593.15174771621
"Enterobacter",502.832549353059
"Mycobacterium",300.712924233878
"Escherichia",202.410122018713
"Staphylococcus",166.095245302555
"Streptomyces",122.854430047553
"Rickettsia",95.8675348893343
"Flavobacterium",30.4221897931783
"Neisseria",13.5660139151445
"Prevotella",0.863042728459127
