"Taxa","varImp"
"Bacillus",412.170627474617
"Pseudomonas",380.336998637838
"Mycobacterium",341.673111498095
"Enterobacter",227.189308238121
"Escherichia",223.927852739262
"Streptomyces",117.920723495317
"Exiguobacterium",82.5863670353906
"Prevotella",69.0176726106241
"Staphylococcus",66.6107925797555
"Neisseria",50.2698371332359
"Flavobacterium",33.311709645323
"Enterococcus",28.8174698351607
"Rickettsia",20.5696691855476
"Shigella",13.198002397541
