"Taxa","varImp"
"Pseudomonas",172.286018882938
"Bacillus",156.073010981428
"Mycobacterium",102.716787962165
"Enterobacter",70.369053429035
"Escherichia",43.469017646299
"Prevotella",37.1102954863622
"Flavobacterium",32.0427571230768
"Streptomyces",24.3686759883871
"Rickettsia",22.500819468387
"Neisseria",9.71389825453462
"Shigella",8.01461917790581
"Enterococcus",3.04803570756402
"Staphylococcus",2.92348885571881
