"Taxa","varImp"
"Bacillus",400.554351356584
"Mycobacterium",303.674709791348
"Pseudomonas",160.238997772192
"Escherichia",127.675779897428
"Enterobacter",100.315098628147
"Staphylococcus",54.6042381780529
"Rickettsia",41.0149776960322
"Neisseria",37.8822610282454
"Streptomyces",28.5372240650599
"Shigella",27.4624013185639
"Exiguobacterium",26.751491677084
"Flavobacterium",21.7150250299299
"Prevotella",16.2739233800248
"Enterococcus",7.31777265949264
