"Taxa","varImp"
"Bacillus",1672.70179513479
"Pseudomonas",1261.1963617155
"Enterobacter",691.917281094631
"Escherichia",629.723220699279
"Mycobacterium",584.129430032197
"Rickettsia",203.003966951482
"Neisseria",116.864136911018
"Streptomyces",82.6711394539125
"Enterococcus",71.9551857515617
"Exiguobacterium",49.9289177614545
"Flavobacterium",41.2721106394199
"Staphylococcus",19.9079776270355
"Clostridium",14.4402257060705
