"Taxa","varImp"
"Mycobacterium",840.677258011447
"Pseudomonas",421.640943349592
"Enterobacter",339.403026485486
"Bacillus",316.606784025525
"Escherichia",142.877059982203
"Prevotella",88.6396631299546
"Shigella",68.8800565280528
"Streptomyces",57.0963156566869
"Flavobacterium",44.0526968858986
"Staphylococcus",37.7547537194629
"Lactobacillus",36.477206226192
"Clostridium",30.1072133209722
"Rickettsia",25.1519864364635
"Neisseria",21.8450008255217
"Exiguobacterium",18.3443151705751
