"Taxa","varImp"
"Bacillus",781.186981393102
"Pseudomonas",328.322886064033
"Streptomyces",312.831589993886
"Enterobacter",289.214433446709
"Mycobacterium",288.346897261954
"Flavobacterium",161.585235290977
"Escherichia",77.5271286176405
"Rickettsia",76.9429479789569
"Staphylococcus",60.7925765024987
"Neisseria",29.6875498798871
"Shigella",22.2897031650063
"Enterococcus",10.2265922319181
"Clostridium",2.24390763998871
"Exiguobacterium",2.20989136072081
"Prevotella",1.46807596907423
