"Taxa","varImp"
"Bacillus",1970.36085147287
"Mycobacterium",341.908835840794
"Enterobacter",303.233318612564
"Pseudomonas",276.192658853325
"Streptomyces",68.6874355605313
"Prevotella",40.0688035195476
"Escherichia",37.2207196026482
"Staphylococcus",19.1417866904015
"Clostridium",14.5588149988942
"Flavobacterium",13.3189281278858
"Shigella",11.9037051612162
"Rickettsia",11.7887096712423
"Exiguobacterium",10.3471541973078
"Neisseria",9.04256026872217
