"Taxa","varImp"
"Bacillus",95.4624581460882
"Pseudomonas",71.3586347864919
"Mycobacterium",65.9928825340851
"Enterobacter",42.4036504285498
"Staphylococcus",39.3118166411808
"Escherichia",21.2169890385819
"Streptomyces",18.1133510755586
"Rickettsia",10.9279693404343
"Neisseria",7.00964659362556
"Prevotella",6.5613676168273
"Flavobacterium",2.75393565902265
