"Taxa","varImp"
"Bacillus",496.384043235152
"Pseudomonas",294.209862106334
"Enterobacter",230.484447153042
"Mycobacterium",219.956800978791
"Escherichia",123.881453008983
"Streptomyces",78.9356267564079
"Shigella",45.5505247295581
"Staphylococcus",44.3524512536783
"Neisseria",37.0732382848816
"Enterococcus",32.5827359795658
"Rickettsia",28.1435075463885
"Flavobacterium",27.4985629063125
"Prevotella",24.7278135551134
"Clostridium",14.0301942243528
"Exiguobacterium",5.07514380515262
