"Taxa","varImp"
"Enterobacter",346.38088997533
"Pseudomonas",324.511616354731
"Bacillus",317.589330975956
"Streptomyces",257.594122869429
"Mycobacterium",202.086426858389
"Escherichia",140.194363399538
"Staphylococcus",76.829560999356
"Prevotella",69.2282929665673
"Neisseria",66.0327402443317
"Shigella",41.5716947719721
"Flavobacterium",37.8077781991038
"Rickettsia",29.6481096893784
"Exiguobacterium",26.8045907650017
"Lactobacillus",23.845423858078
"Enterococcus",5.91294326500944
