"Taxa","varImp"
"Bacillus",1444.29343875461
"Mycobacterium",705.144332190284
"Pseudomonas",639.184899790027
"Enterobacter",611.626880679795
"Streptomyces",430.782533115625
"Escherichia",287.704530338194
"Lactobacillus",202.665372212036
"Prevotella",185.767259896991
"Staphylococcus",147.483830643944
"Rickettsia",88.4638719984227
"Exiguobacterium",53.5962728073588
"Flavobacterium",49.8841679384347
"Clostridium",34.5291147622814
"Neisseria",28.7314812053343
"Enterococcus",4.12237266723275
