"Taxa","varImp"
"Bacillus",1622.18177875571
"Mycobacterium",569.442277921605
"Pseudomonas",536.324415983194
"Enterobacter",350.448407153057
"Escherichia",330.048094203945
"Streptomyces",152.543746541264
"Flavobacterium",150.680981918753
"Rickettsia",123.659272036847
"Staphylococcus",94.3633343663758
"Prevotella",77.6260390253706
