"Taxa","varImp"
"Bacillus",715.19885740668
"Pseudomonas",524.680852236473
"Mycobacterium",460.59738517246
"Enterobacter",395.881849336626
"Escherichia",255.261830342999
"Staphylococcus",144.268489717455
"Flavobacterium",93.5119319357199
"Streptomyces",73.352548023676
"Rickettsia",60.4953444410015
"Exiguobacterium",49.2823573245799
"Neisseria",25.4358486429216
"Prevotella",24.9528848431561
"Clostridium",24.7697140611244
"Enterococcus",21.697744211344
