"Taxa","varImp"
"Bacillus",941.240750164549
"Enterobacter",749.296900831242
"Pseudomonas",566.47592394662
"Mycobacterium",449.919641952212
"Flavobacterium",137.185955524619
"Streptomyces",124.777899174747
"Escherichia",118.467466647575
"Rickettsia",70.3631880645919
"Lactobacillus",25.8536602549652
"Enterococcus",24.5296147631026
"Prevotella",23.2914619009854
"Staphylococcus",21.636630618511
"Exiguobacterium",16.0576360391891
