"Taxa","varImp"
"Pseudomonas",573.329689405719
"Bacillus",391.620264984279
"Enterobacter",255.055423776169
"Mycobacterium",223.789268702814
"Escherichia",129.727687686365
"Streptomyces",94.8574357684144
"Prevotella",79.4399034502354
"Flavobacterium",78.6030892131916
"Rickettsia",74.2940104296971
"Exiguobacterium",41.6104890034479
"Staphylococcus",38.3729013740899
"Shigella",24.8771281860923
"Enterococcus",20.5089578009017
"Neisseria",12.6713938582237
