"Taxa","varImp"
"Bacillus",105.455683693381
"Mycobacterium",101.871206602662
"Enterobacter",98.2013935011828
"Pseudomonas",84.4152022721721
"Streptomyces",24.8375002493384
"Escherichia",19.356716546378
"Rickettsia",18.4640685142517
"Prevotella",12.6557063126845
"Neisseria",10.916000701246
"Paenibacillus",10.7421060831812
"Enterococcus",5.88405637007545
"Clostridium",2.52868528343878
"Exiguobacterium",1.53812264559077
"Shigella",0.999062740966256
