"Taxa","varImp"
"Pseudomonas",916.636696175818
"Bacillus",813.124548531834
"Mycobacterium",699.228964501769
"Enterobacter",358.697813953843
"Streptomyces",182.24002125292
"Staphylococcus",142.446521938894
"Shigella",114.348415624704
"Escherichia",95.2372587170514
"Enterococcus",83.659527689767
"Exiguobacterium",68.2559102917986
"Prevotella",56.784163297369
"Neisseria",44.6435734011137
"Rickettsia",30.676255617117
"Flavobacterium",7.01583853742646
