"Taxa","varImp"
"Bacillus",753.740709395016
"Pseudomonas",577.194989106144
"Mycobacterium",478.155462000192
"Escherichia",358.582289889753
"Enterobacter",304.526912293673
"Prevotella",151.728675274139
"Streptomyces",135.040201396901
"Exiguobacterium",130.429238302004
"Rickettsia",94.9135618151246
"Staphylococcus",64.544198834264
"Flavobacterium",62.6875713650674
"Shigella",61.4209982097204
"Neisseria",43.5740286378851
"Enterococcus",5.91100050063464
"Clostridium",2.7340808249605
