"Taxa","varImp"
"Bacillus",1087.09749945734
"Pseudomonas",763.5815343799
"Mycobacterium",543.910814449586
"Escherichia",429.372551067485
"Enterobacter",367.120607897006
"Prevotella",114.776552983103
"Rickettsia",113.440014052421
"Streptomyces",91.7781467863014
"Exiguobacterium",70.0074120478286
"Shigella",34.865607290421
"Flavobacterium",29.4983558621098
"Staphylococcus",20.1007732457768
"Neisseria",12.4652400563282
"Lactobacillus",0.897253331611868
