"Taxa","varImp"
"Bacillus",3656.18010276177
"Pseudomonas",646.78799550841
"Rickettsia",187.959805430758
"Mycobacterium",163.57137800341
"Enterobacter",135.333382925431
"Escherichia",126.494891546409
"Streptomyces",124.593268959263
"Flavobacterium",27.4518578127133
"Exiguobacterium",20.0178369083688
"Streptococcus",16.4518545422295
"Prevotella",8.50289024458656
"Staphylococcus",7.1021199945729
"Clostridium",5.9895451174935
"Shigella",3.64562661308877
"Enterococcus",3.58858197807522
