"Taxa","varImp"
"Bacillus",1161.89202743806
"Pseudomonas",903.594841946275
"Escherichia",627.241823430567
"Enterobacter",588.420513927501
"Streptomyces",326.618386659358
"Mycobacterium",321.355591286448
"Prevotella",175.618354418096
"Flavobacterium",167.073717170042
"Enterococcus",98.8639253294441
"Lactobacillus",78.7325656640628
"Exiguobacterium",72.1722689973413
"Rickettsia",62.8351975017444
"Neisseria",62.3815599536891
"Shigella",54.9405705281886
"Staphylococcus",34.1270248772128
