"Taxa","varImp"
"Bacillus",2319.31022976496
"Enterobacter",1026.43473544747
"Pseudomonas",1010.70182155679
"Escherichia",406.218303817095
"Mycobacterium",333.544335163889
"Streptomyces",241.729113245647
"Prevotella",88.2267192217598
"Clostridium",58.7852509468947
"Streptococcus",35.9964223687882
"Exiguobacterium",31.3791955629702
"Enterococcus",20.4182898739542
"Flavobacterium",13.9289295125187
"Rickettsia",5.44325426933097
"Staphylococcus",0.727898156145225
