"Taxa","varImp"
"Bacillus",455.239664523165
"Pseudomonas",436.296661856308
"Mycobacterium",310.25539456974
"Enterobacter",255.412957249626
"Escherichia",255.18816388924
"Staphylococcus",98.5941182304504
"Prevotella",78.3906000043657
"Flavobacterium",29.4734786632298
