"Taxa","varImp"
"Bacillus",179.58839044226
"Pseudomonas",164.104220939911
"Mycobacterium",112.281529800652
"Enterobacter",75.0748904981379
"Prevotella",43.8192428018869
"Escherichia",40.0319623832882
"Flavobacterium",31.7966376240832
"Staphylococcus",3.19416870905018
