"Taxa","varImp"
"Bacillus",445.754192276761
"Mycobacterium",309.232960850398
"Pseudomonas",187.613339936536
"Escherichia",140.288520972102
"Enterobacter",93.6615907000146
"Staphylococcus",60.8421876531455
"Flavobacterium",25.5601059505715
"Prevotella",22.6797916494309
