"Taxa","varImp"
"Bacillus",514.613487138686
"Pseudomonas",478.633298827722
"Escherichia",340.199814520995
"Mycobacterium",271.902147995542
"Staphylococcus",246.719161835717
"Enterobacter",197.789573296848
"Flavobacterium",55.9328677289137
"Prevotella",45.8191588250284
"Clostridium",29.2773973061155
