"Taxa","varImp"
"Bacillus",1690.41143040428
"Pseudomonas",1340.54683805737
"Enterobacter",948.852910077311
"Escherichia",730.257832725541
"Mycobacterium",537.440254321037
"Flavobacterium",42.2394709718125
"Staphylococcus",37.8864108573192
"Clostridium",30.4458244176617
