"Taxa","varImp"
"Mycobacterium",840.813918488184
"Pseudomonas",433.426119872276
"Bacillus",393.368581662987
"Enterobacter",368.745401355435
"Escherichia",168.028380475309
"Prevotella",85.0799335819179
"Staphylococcus",54.4060786798498
"Flavobacterium",51.0491717716722
"Lactobacillus",40.3115044007607
"Clostridium",34.7232057937476
