"Taxa","varImp"
"Pseudomonas",84.4698692829509
"Bacillus",82.4481840734262
"Mycobacterium",55.7797906033258
"Enterobacter",53.2891211737255
"Escherichia",35.1727583761876
"Prevotella",17.2325144181278
"Lactobacillus",4.50129552243625
"Clostridium",2.92051708892563
"Staphylococcus",2.11559752264232
