"Taxa","varImp"
"Pseudomonas",249.221389045387
"Mycobacterium",186.945135818357
"Bacillus",160.162204257604
"Enterobacter",74.1753074147486
"Escherichia",36.4554059616024
"Prevotella",20.1095605758146
"Streptococcus",18.3864120524094
"Staphylococcus",18.2210774890745
"Flavobacterium",11.9327973514673
"Corynebacterium",9.50478118230642
"Acinetobacter",5.02114200591324
"Clostridium",4.49298184106489
"Campylobacter",2.62993420497734
"Aggregatibacter",2.53236256761513
"Treponema",2.01467519690686
