"Taxa","varImp"
"Bacillus",809.342620497928
"Pseudomonas",483.372381398298
"Enterobacter",317.903509486217
"Mycobacterium",284.175661521867
"Flavobacterium",177.279477564582
"Escherichia",148.811467024234
"Staphylococcus",61.9586871315561
"Prevotella",26.627136619114
"Clostridium",13.9552455268953
