"Taxa","varImp"
"Bacillus",34.443755798412
"Pseudomonas",24.446090189966
"Mycobacterium",17.7447555079361
"Enterobacter",16.8576092153368
"Escherichia",14.280990968882
"Prevotella",5.98451623382496
"Clostridium",4.61341150850931
"Lactobacillus",3.03289998904432
"Staphylococcus",0.332167783541177
