"Taxa","varImp"
"Escherichia",1209.10691482444
"Staphylococcus",672.821463095235
"Bacillus",268.976287712587
"Pseudomonas",228.871271158453
"Enterobacter",136.203631114246
"Mycobacterium",119.145921201246
"Prevotella",101.888966191501
"Rhizobium",25.7635628482718
"Lactobacillus",16.6219254913516
"Clostridium",12.6830230084432
"Campylobacter",11.5864076256048
"Treponema",9.89503949400954
"Flavobacterium",9.27444350956189
