"Taxa","varImp"
"Bacillus",1994.65896653842
"Mycobacterium",353.108259302069
"Enterobacter",281.843356265501
"Pseudomonas",264.827068299435
"Escherichia",61.9342147024103
"Prevotella",39.7213668493858
"Flavobacterium",27.7031986361647
"Staphylococcus",24.0190548279057
"Clostridium",11.2507744969558
