"Taxa","varImp"
"Bacillus",108.542147707405
"Pseudomonas",77.4371453160258
"Mycobacterium",70.6271185177509
"Enterobacter",49.8593759513007
"Staphylococcus",38.4558139980752
"Escherichia",19.6446236325725
"Prevotella",10.1588814435217
"Flavobacterium",2.68570870489683
