"Taxa","varImp"
"Enterobacter",389.321391746539
"Pseudomonas",336.492214938939
"Bacillus",293.407469781934
"Mycobacterium",255.665399819628
"Escherichia",194.621460282461
"Staphylococcus",157.126826842331
"Prevotella",77.2840993865466
"Lactobacillus",47.3614686220051
"Flavobacterium",42.680185290238
