"Taxa","varImp"
"Pseudomonas",112.127614629909
"Bacillus",105.053946733373
"Enterobacter",99.3913311935481
"Mycobacterium",67.2737822687373
"Lactobacillus",19.878296948791
"Escherichia",17.545586599759
"Clostridium",10.4598338770228
"Prevotella",9.25860270339652
"Staphylococcus",5.61029990411166
"Flavobacterium",4.81101616321926
