"Taxa","varImp"
"Bacillus",537.672901859512
"Pseudomonas",311.229670747102
"Mycobacterium",268.5533163264
"Enterobacter",220.508830266581
"Escherichia",144.323993594779
"Staphylococcus",52.1167369838431
"Prevotella",31.2908037368446
"Flavobacterium",19.8824648495923
"Clostridium",16.2352342570892
