"Taxa","varImp"
"Bacillus",1508.1745203746
"Pseudomonas",869.101907445891
"Mycobacterium",827.628985559671
"Enterobacter",637.313868385162
"Escherichia",289.546712355104
"Lactobacillus",255.821859560364
"Prevotella",188.025797980337
"Staphylococcus",91.9316938035466
"Flavobacterium",69.7189665957125
"Clostridium",30.6639810706103
