"Taxa","varImp"
"Bacillus",1583.27293494415
"Pseudomonas",649.380119912443
"Mycobacterium",616.283067091083
"Enterobacter",405.091230516033
"Escherichia",332.713015695061
"Flavobacterium",160.868202310405
"Prevotella",76.051588975109
"Staphylococcus",72.2415906181419
