"Taxa","varImp"
"Bacillus",707.191904497501
"Pseudomonas",647.110231357055
"Enterobacter",461.594847345194
"Mycobacterium",455.695051423056
"Escherichia",248.369143256273
"Staphylococcus",131.925861672439
"Flavobacterium",78.5428240407253
"Prevotella",28.0174093649231
"Clostridium",25.8348132736335
