"Taxa","varImp"
"Bacillus",964.345747393684
"Enterobacter",813.083434915245
"Pseudomonas",583.191718129109
"Mycobacterium",441.136244969888
"Escherichia",148.17496952633
"Flavobacterium",140.524534962127
"Prevotella",54.4639436469812
"Lactobacillus",30.1486012763027
"Staphylococcus",19.2966972547404
