"Taxa","varImp"
"Pseudomonas",596.65893037138
"Bacillus",508.954622358373
"Enterobacter",260.176690071467
"Mycobacterium",216.795763102012
"Escherichia",144.446310281749
"Flavobacterium",78.5137806499994
"Prevotella",68.2119428677511
"Staphylococcus",47.9285069260831
