"Taxa","varImp"
"Bacillus",1109.66908149625
"Mycobacterium",760.065744117387
"Pseudomonas",728.07127790107
"Enterobacter",706.531510327225
"Escherichia",130.634887718423
"Prevotella",128.058671770466
"Flavobacterium",62.3475739206374
"Staphylococcus",25.1409920748162
"Clostridium",21.1744243246354
