"Taxa","varImp"
"Bacillus",814.577334719318
"Pseudomonas",618.76161133648
"Mycobacterium",480.428340347989
"Escherichia",454.963502428852
"Enterobacter",383.569199566639
"Prevotella",169.603065427627
"Staphylococcus",75.9630436120661
"Flavobacterium",42.8935970128652
"Clostridium",9.48368567725593
