"Taxa","varImp"
"Bacillus",166.296803341605
"Pseudomonas",96.1501071265621
"Enterobacter",84.635983893512
"Mycobacterium",82.3277811050467
"Escherichia",27.9111617787456
"Lactobacillus",18.8544060203468
"Staphylococcus",14.6247317646987
"Acinetobacter",10.1730894203046
"Prevotella",3.36787457650287
"Flavobacterium",2.02832347777176
"Streptococcus",1.35021548320199
