"Taxa","varImp"
"Bacillus",3745.04615455533
"Pseudomonas",655.799232479579
"Escherichia",197.632236358139
"Mycobacterium",171.54806324757
"Enterobacter",126.14442592809
"Flavobacterium",50.2881895658258
"Prevotella",11.8862257678871
"Staphylococcus",8.76545170036792
"Streptococcus",5.39823022150073
"Clostridium",4.49491960773745
