"Taxa","varImp"
"Bacillus",1390.07627585041
"Pseudomonas",1040.32516327321
"Escherichia",625.516503603745
"Enterobacter",568.096139974238
"Mycobacterium",457.094199473699
"Prevotella",177.296061132777
"Flavobacterium",159.960429618621
"Lactobacillus",78.7429477271022
"Staphylococcus",32.9690316830052
