"Taxa","varImp"
"Bacillus",929.508765030521
"Pseudomonas",467.671598860477
"Enterobacter",458.665161714781
"Mycobacterium",393.381177114357
"Escherichia",165.754489595902
"Staphylococcus",96.1038334725972
"Prevotella",77.7508598822014
"Flavobacterium",66.5543836529456
"Clostridium",13.0694045654018
"Lactobacillus",5.62808644736345
