"Taxa","varImp"
"Bacillus",2335.99615420365
"Pseudomonas",1091.79508079376
"Enterobacter",1077.82394722545
"Escherichia",419.015139270377
"Mycobacterium",324.223308558271
"Prevotella",139.05563823347
"Clostridium",47.0644569253755
"Streptococcus",40.0944672052552
"Flavobacterium",32.7507894159695
