"Taxa","varImp"
"Bacillus",1631.1566617866
"Pseudomonas",1558.9748527496
"Enterobacter",474.495782903657
"Mycobacterium",286.364731555165
"Mycoplasma",218.96138672868
"Escherichia",150.923300247986
"Vibrio",148.914970073743
"Staphylococcus",129.983714522153
"Helicobacter",40.3588382021021
"Leptospira",39.289938360607
"Flavobacterium",31.5489808160423
"Burkholderia",30.9959677454679
"Prevotella",3.29690518946448
