"Taxa","varImp"
"Bacillus",403.054964323467
"Pseudomonas",367.671268917581
"Mycobacterium",311.825136564948
"Enterobacter",258.823774574471
"Escherichia",233.31262951299
"Vibrio",93.5100735883861
"Prevotella",88.3305559319889
"Mycoplasma",84.8166365011031
"Staphylococcus",73.1340176039444
"Flavobacterium",35.7985387241627
"Leptospira",30.322600832819
"Burkholderia",24.8744050055955
"Helicobacter",15.5142682500095
"Chlamydia",13.6488643656221
