"Taxa","varImp"
"Pseudomonas",622.826910980447
"Mycobacterium",391.367796322991
"Escherichia",355.854089964474
"Enterobacter",340.498816267571
"Bacillus",311.865505315567
"Mycoplasma",83.2422452428485
"Burkholderia",47.195039883071
"Staphylococcus",28.3425527843476
"Vibrio",27.6601878757528
"Leptospira",15.0118779241629
"Lactobacillus",10.7893144269404
"Helicobacter",9.0315271059744
"Prevotella",7.41768973039477
"Flavobacterium",6.06304356590105
