"Taxa","varImp"
"Pseudomonas",146.109425752903
"Bacillus",144.026428427285
"Mycobacterium",105.754169056881
"Enterobacter",71.9442540553344
"Vibrio",54.9991598023991
"Prevotella",42.9838383706988
"Escherichia",37.9298941887695
"Mycoplasma",32.6871093116592
"Flavobacterium",23.3979430365376
"Chlamydia",17.860649184196
"Leptospira",6.3033953851998
"Burkholderia",5.15890451077077
"Staphylococcus",1.49432089948324
