"Taxa","varImp"
"Bacillus",1830.29235134673
"Pseudomonas",1041.89468861197
"Enterobacter",774.380793915815
"Escherichia",660.896313396808
"Mycobacterium",504.611564279852
"Mycoplasma",315.585203264403
"Vibrio",269.745850316578
"Leptospira",82.176302980153
"Helicobacter",46.1911251375311
"Burkholderia",30.4561893119203
"Flavobacterium",27.9076204417856
"Staphylococcus",14.1747814920392
"Clostridium",13.7184512082267
