"Taxa","varImp"
"Pseudomonas",75.2793132848601
"Bacillus",61.3735781501292
"Enterobacter",53.6909187860197
"Mycobacterium",52.6229666883347
"Escherichia",22.6355145295228
"Lactobacillus",14.1203566411658
"Clostridium",9.52866028225817
"Prevotella",8.37701309676242
"Mycoplasma",7.68013271330756
"Burkholderia",7.04455174646251
"Vibrio",6.40672086225876
"Chlamydia",5.55265596889598
"Helicobacter",2.96759278922393
"Flavobacterium",1.11051871829502
"Leptospira",0.341890666993796
