"Taxa","varImp"
"Bacillus",1647.19999094048
"Pseudomonas",859.717533443283
"Enterobacter",727.656408307963
"Escherichia",449.264149783176
"Mycobacterium",378.242663013101
"Flavobacterium",345.926622849674
"Clostridium",144.968919440668
"Mycoplasma",117.746238229479
"Leptospira",36.9340587578402
"Prevotella",31.1714976329378
"Staphylococcus",25.3194798512027
"Vibrio",21.7776027118104
"Burkholderia",9.32995418099085
