"Taxa","varImp"
"Bacillus",761.960901782687
"Pseudomonas",447.025441835319
"Mycobacterium",302.559780656336
"Enterobacter",240.213542521826
"Mycoplasma",179.570182992367
"Flavobacterium",152.549809239867
"Vibrio",94.7538997633901
"Staphylococcus",76.2481599585701
"Escherichia",74.4990914789354
"Leptospira",30.6545448631029
"Prevotella",20.3808216406462
"Clostridium",8.44212059468181
"Burkholderia",6.92823055509476
"Chlamydia",6.59431848890886
"Helicobacter",6.31373042189974
