"Taxa","varImp"
"Pseudomonas",66.6026170431966
"Bacillus",58.7217941674188
"Mycobacterium",48.8665986564376
"Enterobacter",47.3256200383382
"Escherichia",34.5212186869899
"Vibrio",28.822865273374
"Mycoplasma",21.8217604428388
"Prevotella",16.6828928691242
"Leptospira",8.45350364274788
"Clostridium",2.80783692007338
"Staphylococcus",2.63115440741237
"Burkholderia",1.26208213810362
"Lactobacillus",0.758457780883951
"Chlamydia",0.686522552787026
