"Taxa","varImp"
"Bacillus",94.7463276594244
"Mycobacterium",71.1209056169216
"Pseudomonas",69.7368927860379
"Enterobacter",44.1997107804622
"Staphylococcus",32.838088773029
"Escherichia",21.931533568349
"Mycoplasma",14.936329744222
"Leptospira",10.8217831375417
"Vibrio",9.19568245696476
"Prevotella",6.49239933401823
"Burkholderia",6.45732334961706
"Flavobacterium",3.04069714960579
