"Taxa","varImp"
"Pseudomonas",354.234251943223
"Enterobacter",346.818810817831
"Bacillus",299.333004232042
"Mycobacterium",244.701464749355
"Escherichia",126.912408438719
"Staphylococcus",120.72885511284
"Burkholderia",90.7546710633119
"Prevotella",72.1501824017263
"Mycoplasma",69.3957889478534
"Lactobacillus",53.1001261968754
"Vibrio",49.9918587855063
"Flavobacterium",28.8158333847732
"Helicobacter",18.3780783869893
"Leptospira",11.7419273833687
