"Taxa","varImp"
"Bacillus",1536.25400014754
"Pseudomonas",593.173947434432
"Mycobacterium",555.143922178118
"Escherichia",332.813832288665
"Enterobacter",291.584554544136
"Mycoplasma",237.020834979736
"Flavobacterium",166.641738287689
"Vibrio",137.698917543256
"Prevotella",59.8720005893829
"Leptospira",35.0395952438986
"Staphylococcus",34.0935722434791
"Helicobacter",30.7000466068285
"Burkholderia",26.790158638224
