"Taxa","varImp"
"Bacillus",768.951882142848
"Enterobacter",714.242962329688
"Pseudomonas",593.703590480485
"Vibrio",582.023324936676
"Mycobacterium",410.998945199864
"Leptospira",98.7181444423605
"Flavobacterium",91.5600368461356
"Escherichia",87.7109173486405
"Mycoplasma",72.6378743389988
"Prevotella",17.4383846297166
"Lactobacillus",16.6627517812599
"Helicobacter",9.81024195332728
"Staphylococcus",5.35150264555198
