"Taxa","varImp"
"Pseudomonas",537.419323354017
"Bacillus",476.464617411829
"Enterobacter",232.53798950954
"Mycobacterium",204.427617039838
"Escherichia",126.029006716016
"Vibrio",106.108440810983
"Prevotella",87.5358804071511
"Flavobacterium",70.4730413877497
"Burkholderia",48.075825705233
"Helicobacter",40.4650490408212
"Leptospira",38.6408813513834
"Staphylococcus",36.0748597984818
"Mycoplasma",25.4933729437807
"Chlamydia",9.31277895429317
