"Taxa","varImp"
"Bacillus",103.257719639602
"Mycobacterium",98.4334299622737
"Pseudomonas",95.8325022616018
"Enterobacter",93.1178694553766
"Mycoplasma",45.448871159869
"Escherichia",24.0010070553407
"Prevotella",16.9268741652819
"Leptospira",8.60382877935906
"Vibrio",7.12836076476037
"Burkholderia",5.82573987305638
"Clostridium",0.951076503081399
