"Taxa","varImp"
"Bacillus",1029.91889362192
"Mycobacterium",744.97301673366
"Pseudomonas",663.209864122338
"Enterobacter",587.001647157061
"Escherichia",213.371403311074
"Leptospira",141.121820290443
"Vibrio",127.67159619605
"Mycoplasma",118.143540880201
"Burkholderia",77.8424313918724
"Helicobacter",71.2714748445468
"Clostridium",55.5389479159919
"Prevotella",53.7104531412357
"Flavobacterium",43.6974024553243
"Staphylococcus",7.17107707076136
