"Taxa","varImp"
"Bacillus",813.684671079879
"Pseudomonas",784.676532275309
"Mycobacterium",671.777833940534
"Enterobacter",535.117685686908
"Leptospira",173.825410076951
"Vibrio",129.873512823476
"Escherichia",120.501264383221
"Burkholderia",107.24007464662
"Staphylococcus",94.05230054153
"Mycoplasma",75.2203286261824
"Prevotella",65.1152174304309
"Flavobacterium",17.6850246008165
