"Taxa","varImp"
"Bacillus",849.109541806438
"Pseudomonas",465.744374768423
"Mycobacterium",454.834737988731
"Mycoplasma",327.817514295846
"Enterobacter",315.694751411618
"Escherichia",263.329904419623
"Prevotella",196.873897771962
"Burkholderia",155.173337933638
"Leptospira",110.888763619768
"Vibrio",87.1529904749323
"Helicobacter",63.913268741337
"Flavobacterium",53.2080543043252
"Clostridium",35.3441341402299
"Staphylococcus",16.8580258730294
