"Taxa","varImp"
"Bacillus",1338.00604738071
"Pseudomonas",964.373024648161
"Escherichia",615.427687002291
"Enterobacter",573.024657257185
"Mycobacterium",365.100456837758
"Prevotella",192.806777383583
"Mycoplasma",182.883015663756
"Flavobacterium",162.583232447226
"Burkholderia",82.8222116039511
"Leptospira",67.5316188267839
"Vibrio",47.6218753132049
"Chlamydia",29.7396941389278
"Staphylococcus",12.5072568676424
"Lactobacillus",9.6352803038156
"Helicobacter",7.65798227378265
