"Taxa","varImp"
"Bacillus",810.838779915857
"Pseudomonas",475.878293852419
"Enterobacter",437.860867012759
"Mycobacterium",399.828565746265
"Escherichia",158.190237840489
"Vibrio",129.482217455206
"Staphylococcus",109.495992560161
"Helicobacter",78.221778876362
"Prevotella",72.0333929950218
"Mycoplasma",61.6845239641323
"Burkholderia",58.7585218502645
"Leptospira",44.8014468657886
"Flavobacterium",20.0072013790393
