"Taxa","varImp"
"Bacillus",2299.21706058257
"Enterobacter",1029.63661715393
"Pseudomonas",938.998119223868
"Escherichia",389.97094453272
"Mycoplasma",303.128977652819
"Mycobacterium",224.895996031105
"Prevotella",117.702541774322
"Vibrio",109.726590272489
"Clostridium",48.6480795011492
"Leptospira",45.8576763546622
"Streptococcus",25.7104503548737
"Flavobacterium",11.2973208768284
