"1",0,0,0.998513600680387,"Rectum Adenocarcinoma","Stage I vs IV"
"2",0.142857142857143,0,0.955507125809617,"Rectum Adenocarcinoma","Stage I vs IV"
"3",0.285714285714286,0,0.912790249944155,"Rectum Adenocarcinoma","Stage I vs IV"
"4",0.285714285714286,0.142857142857143,0.681599462368018,"Rectum Adenocarcinoma","Stage I vs IV"
"5",0.428571428571429,0.142857142857143,0.585633093907072,"Rectum Adenocarcinoma","Stage I vs IV"
"6",0.428571428571429,0.285714285714286,0.435979346412351,"Rectum Adenocarcinoma","Stage I vs IV"
"7",0.571428571428571,0.285714285714286,0.350661723401848,"Rectum Adenocarcinoma","Stage I vs IV"
"8",0.714285714285714,0.285714285714286,0.282784463728544,"Rectum Adenocarcinoma","Stage I vs IV"
"9",0.714285714285714,0.428571428571429,0.253496771277134,"Rectum Adenocarcinoma","Stage I vs IV"
"10",0.714285714285714,0.571428571428571,0.123565945970649,"Rectum Adenocarcinoma","Stage I vs IV"
"11",0.857142857142857,0.571428571428571,0.0239446375206671,"Rectum Adenocarcinoma","Stage I vs IV"
"12",0.857142857142857,0.714285714285714,0.0167658670521292,"Rectum Adenocarcinoma","Stage I vs IV"
"13",0.857142857142857,0.857142857142857,0.0116832677771999,"Rectum Adenocarcinoma","Stage I vs IV"
"14",0.857142857142857,1,0.0105301898843523,"Rectum Adenocarcinoma","Stage I vs IV"
"15",1,1,0.0105301898843523,"Rectum Adenocarcinoma","Stage I vs IV"
